Fascia,Cognome e Nome,Genere,Facoltà,GSD 2024,SSD 2024,SSD 2015,SC 2015,Struttura di afferenza
Ricercatore a t.d. - t.pieno (art. 24 c.3-a L. 240/10),ABDULKADER Bisan,F,,13/ECON-07,ECON-07/A,SECS-P/08,13/B2,BUSINESS AND MANAGEMENT
Ordinario,ALCALDE Jose' Luis Peydro',M,,13/ECON-01,ECON-01/A,SECS-P/01,13/A1,Economics and Financial Markets
Ricercatore a t.d. - t.pieno (L. 79/2022),ALONSO Nicole Ashley,F,,13/ECON-08,ECON-08/A,SECS-P/10,13/B3,BUSINESS AND MANAGEMENT
Ricercatore a t.d. - t.pieno (L. 79/2022),ALTIERI Michela,F,,13/ECON-09,ECON-09/A,SECS-P/09,13/B4,ACCOUNTING AND CORPORATE FINANCE
Ordinario,AULETTA Ferruccio,M,,12/GIUR-12,GIUR-12/A,IUS/15,12/F1,GIURISPRUDENZA
Ricercatore a t.d. - t.pieno (art. 24 c.3-b L. 240/10),BALACHANDRAN NAIR Lakshmi,F,,13/ECON-08,ECON-08/A,SECS-P/10,13/B3,BUSINESS AND MANAGEMENT
Associato,BELLACOSA Maurizio,M,,12/GIUR-14,GIUR-14/A,IUS/17,12/G1,GIURISPRUDENZA
Associato confermato,BENANTI Paolo,M,,11/PHIL-03,PHIL-03/A,M-FIL/03,11/C3,SCIENZE POLITICHE
Ordinario,BENIGNO Pierpaolo,M,,13/ECON-01,ECON-01/A,SECS-P/01,13/A1,Economics and Financial Markets
Associato,BIAGINI Sara,F,,13/STAT-04,STAT-04/A,SECS-S/06,13/D4,"AI, DATA AND DECISION SCIENCES"
Ordinario,BIFULCO Raffaele,M,,12/GIUR-05,GIUR-05/A,IUS/08,12/C1,GIURISPRUDENZA
Ordinario,BOCCARDELLI Paolo,M,,13/ECON-07,ECON-07/A,SECS-P/08,13/B2,BUSINESS AND MANAGEMENT
Ricercatore a t.d. - t.pieno (L. 79/2022),BONDI Alessandro,M,,13/STAT-04,STAT-04/A,SECS-S/06,13/D4,"AI, DATA AND DECISION SCIENCES"
Ricercatore a t.d. - t.pieno (L. 79/2022),BONTADINI Filippo,M,,13/ECON-04,ECON-04/A,SECS-P/06,13/A4,ECONOMICS AND FINANCIAL MARKETS
Associato,BORRI Nicola,M,,13/ECON-09,ECON-09/B,SECS-P/11,13/B4,Accounting and Corporate Finance
Ordinario,BOZZOLAN Saverio,M,,13/ECON-06,ECON-06/A,SECS-P/07,13/B1,Accounting and Corporate Finance
Associato confermato,BROWNLEES Christian-Timothy,M,,13/ECON-05,ECON-05/A,SECS-P/05,13/A5,Economics and Financial Markets
Ricercatore a t.d. - t.pieno (L. 79/2022),BROZZETTI Filiberto,M,,12/GIUR-17,GIUR-17/A,IUS/20,12/H3,GIURISPRUDENZA
Associato,BRUNETTA Federica,F,,13/ECON-07,ECON-07/A,SECS-P/08,13/B2,BUSINESS AND MANAGEMENT
Ricercatore a t.d. - t.pieno (L. 79/2022),BRUNI Elena,F,,13/ECON-08,ECON-08/A,SECS-P/10,13/B3,BUSINESS AND MANAGEMENT
Ordinario,BUSCO Cristiano,M,,13/ECON-06,ECON-06/A,SECS-P/07,13/B1,Accounting and Corporate Finance
Ricercatore a t.d. - t.pieno (L. 79/2022),CALLUSO Cinzia,F,,13/ECON-08,ECON-08/A,SECS-P/10,13/B3,BUSINESS AND MANAGEMENT
Ordinario,CALVANO Emilio,M,,13/ECON-01,ECON-01/A,SECS-P/01,13/A1,Economics and Financial Markets
Ricercatore a t.d. - t.pieno (L. 79/2022),CAPONERA Alessia,F,,13/STAT-01,STAT-01/A,SECS-S/01,13/D1,"AI, DATA AND DECISION SCIENCES"
Ricercatore a t.d. - t.pieno (L. 79/2022),CARLINI Federico Eugenio,M,,13/ECON-05,ECON-05/A,SECS-P/05,13/A5,ECONOMIA E FINANZA
Ordinario,CAROLI Matteo Giuliano,M,,13/ECON-07,ECON-07/A,SECS-P/08,13/B2,BUSINESS AND MANAGEMENT
Ricercatore a t.d. - t.pieno (L. 79/2022),CASTELLANI Lorenzo,M,,14/GSPS-03,GSPS-03/B,SPS/06,14/B2,SCIENZE POLITICHE
Associato,CAVALLARO Maria Elena,F,,14/GSPS-04,GSPS-04/B,SPS/06,14/B2,SCIENZE POLITICHE
Associato confermato,CETEMEN Esat Doruk,M,,13/ECON-01,ECON-01/A,SECS-P/01,13/A1,Economics and Financial Markets
Ordinario,CHERUBINI Francesco,M,,12/GIUR-10,GIUR-10/A,IUS/14,12/E4,SCIENZE POLITICHE
Ordinario,CHRISTIANSEN Thomas,M,,14/GSPS-02,GSPS-02/A,SPS/04,14/A2,SCIENZE POLITICHE
Ordinario,COMANA Mario,M,,13/ECON-09,ECON-09/B,SECS-P/11,13/B4,Accounting and Corporate Finance
Ricercatore a t.d. - t.pieno (L. 79/2022),COPPA Emilio,M,,09/IINF-05,IINF-05/A,ING-INF/05,09/H1,"AI, DATA AND DECISION SCIENCES"
Ricercatore a t.d. - t.pieno (L. 79/2022),CORE Fabrizio,M,,13/ECON-09,ECON-09/A,SECS-P/09,13/B4,ACCOUNTING AND CORPORATE FINANCE
Ordinario,CORRAO Francesca Maria,F,,10/STAA-01,STAA-01/L,L-OR/12,10/N1,SCIENZE POLITICHE
Ordinario,COSTABILE Michele,M,,13/ECON-07,ECON-07/A,SECS-P/08,13/B2,BUSINESS AND MANAGEMENT
Associato confermato,DALL'AGLIO Marco,M,,13/STAT-04,STAT-04/A,SECS-S/06,13/D4,"AI, DATA AND DECISION SCIENCES"
Ricercatore a t.d. - t.pieno (L. 79/2022),DAOOD Antonio,M,,13/ECON-08,ECON-08/A,SECS-P/10,13/B3,BUSINESS AND MANAGEMENT
Ordinario,DE ANGELIS Matteo,M,,13/ECON-07,ECON-07/A,SECS-P/08,13/B2,BUSINESS AND MANAGEMENT
Ordinario,DE BLASIO Emiliana,F,,14/GSPS-06,GSPS-06/A,SPS/08,14/C2,SCIENZE POLITICHE
Ordinario,DE DONNO Barbara Santa,F,,12/GIUR-11,GIUR-11/A,IUS/02,12/E2,GIURISPRUDENZA
Ordinario,DE GIOVANNI Livia,F,,13/STAT-01,STAT-01/A,SECS-S/01,13/D1,"AI, DATA AND DECISION SCIENCES"
Ricercatore a t.d. - t.pieno (L. 79/2022),DE NITTO Silvia,F,,12/GIUR-06,GIUR-06/A,IUS/10,12/D1,GIURISPRUDENZA
Ordinario,DE SIO Lorenzo,M,,14/GSPS-02,GSPS-02/A,SPS/04,14/A2,SCIENZE POLITICHE
Associato,DELLO RUSSO Silvia,F,,13/ECON-08,ECON-08/A,SECS-P/10,13/B3,BUSINESS AND MANAGEMENT
Ordinario,DELMESTRI Giuseppe,M,,13/ECON-08,ECON-08/A,SECS-P/10,13/B3,BUSINESS AND MANAGEMENT
Associato,DEVETAG Maria Giovanna,F,,13/ECON-07,ECON-07/A,SECS-P/08,13/B2,BUSINESS AND MANAGEMENT
Ordinario,DI CAGNO Daniela Teresa,F,,13/ECON-01,ECON-01/A,SECS-P/01,13/A1,Economics and Financial Markets
Ordinario,DI CIOMMO Francesco,M,,12/GIUR-01,GIUR-01/A,IUS/01,12/A1,GIURISPRUDENZA
Ordinario,DI GIORGIO Giorgio,M,,13/ECON-01,ECON-01/A,SECS-P/01,13/A1,Economics and Financial Markets
Ordinario,DI LAZZARO Fabrizio,M,,13/ECON-06,ECON-06/A,SECS-P/07,13/B1,Accounting and Corporate Finance
Ordinario,DINACCI Filippo,M,,12/GIUR-13,GIUR-13/A,IUS/16,12/G2,GIURISPRUDENZA
Ordinario,DOUGLAS Zachary,M,,12/GIUR-09,GIUR-09/A,IUS/13,12/E1,GIURISPRUDENZA
Associato,EMANUELE Vincenzo,M,,14/GSPS-02,GSPS-02/A,SPS/04,14/A2,SCIENZE POLITICHE
Ricercatore a t.d. - t.pieno (L. 79/2022),ESCUDE' Matteo,M,,13/ECON-01,ECON-01/A,SECS-P/01,13/A1,ECONOMICS AND FINANCIAL MARKETS
Ordinario,FABOZZI Raffaele,M,,12/GIUR-04,GIUR-04/A,IUS/07,12/B2,GIURISPRUDENZA
Associato,FARANO Alessia,F,,12/GIUR-17,GIUR-17/A,IUS/20,12/H3,GIURISPRUDENZA
Associato,FASONE Cristina,F,,12/GIUR-11,GIUR-11/B,IUS/21,12/E2,SCIENZE POLITICHE
Ricercatore a t.d. - t.pieno (L. 79/2022),FELICETTI Raffaele,M,,12/GIUR-02,GIUR-02/A,IUS/04,12/B1,GIURISPRUDENZA
Associato confermato,FERNANDES DA SILVA RANCHORDAS Sofia Hina,F,,12/GIUR-06,GIUR-06/A,IUS/09,12/D1,GIURISPRUDENZA
Ordinario,FINOCCHI Irene,F,,01/INFO-01,INFO-01/A,INF/01,01/B1,"AI, DATA AND DECISION SCIENCES"
Ordinario,FIORI Giovanni,M,,13/ECON-06,ECON-06/A,SECS-P/07,13/B1,Accounting and Corporate Finance
Associato,FORLENZA Rosario,M,,11/HIST-03,HIST-03/A,M-STO/04,11/A3,SCIENZE POLITICHE
Ordinario,GALLO Daniele,M,,12/GIUR-10,GIUR-10/A,IUS/14,12/E4,GIURISPRUDENZA
Ordinario,GEIGER Christophe,M,,12/GIUR-02,GIUR-02/A,IUS/04,12/B1,GIURISPRUDENZA
Associato,GENTILE Valentina,F,,14/GSPS-01,GSPS-01/A,SPS/01,14/A1,SCIENZE POLITICHE
Ordinario,GIUSTINIANO Luca,M,,13/ECON-08,ECON-08/A,SECS-P/10,13/B3,BUSINESS AND MANAGEMENT
Ricercatore a t.d. - t.pieno (L. 79/2022),GOLIA Angelo Junior,M,,12/GIUR-05,GIUR-05/A,IUS/08,12/C1,GIURISPRUDENZA
Ordinario,GOZZI Fausto,M,,13/STAT-04,STAT-04/A,SECS-S/06,13/D4,"AI, DATA AND DECISION SCIENCES"
Ordinario,GULLO Antonino,M,,12/GIUR-14,GIUR-14/A,IUS/17,12/G1,GIURISPRUDENZA
Ordinario,HOMBERG Fabian Kurt Falk,M,,13/ECON-08,ECON-08/A,SECS-P/10,13/B3,BUSINESS AND MANAGEMENT
Ricercatore a t.d. - t.pieno (L. 79/2022),IACOPINI Matteo,M,,13/STAT-01,STAT-01/A,SECS-S/01,13/D1,"AI, DATA AND DECISION SCIENCES"
Ordinario,IAIONE Fernando Christian,M,,12/GIUR-06,GIUR-06/A,IUS/09,12/C1,GIURISPRUDENZA
Ordinario,ITALIANO Giuseppe Francesco,M,,09/IINF-05,IINF-05/A,ING-INF/05,09/H1,"AI, DATA AND DECISION SCIENCES"
Ordinario,JOPPKE Christian Georg Maximilian,M,,14/GSPS-05,GSPS-05/A,SPS/07,14/C1,SCIENZE POLITICHE
Ordinario,LARUELLE Marlene Agnes,F,,14/GSPS-04,GSPS-04/D,SPS/14,14/B2,SCIENZE POLITICHE
Straordinario tempo determinato,LAZAR Marc,M,,14/GSPS-07,GSPS-07/A,SPS/11,14/C3,SCIENZE POLITICHE
Ordinario,LECHNER Christian,M,,13/ECON-07,ECON-07/A,SECS-P/08,13/B2,BUSINESS AND MANAGEMENT
Ricercatore a t.d. - t.pieno (L. 79/2022),LEFKELI Deniz,F,,13/ECON-07,ECON-07/A,SECS-P/08,13/B2,BUSINESS AND MANAGEMENT
Ordinario,LENER Raffaele,M,,12/GIUR-03,GIUR-03/A,IUS/05,12/E3,GIURISPRUDENZA
Ricercatore a t.d. - t.pieno (L. 79/2022),LEOCATA Marta,F,,13/STAT-04,STAT-04/A,SECS-S/06,13/D4,"AI, DATA AND DECISION SCIENCES"
Associato,LEONE Maria Isabella,F,,13/ECON-07,ECON-07/A,SECS-P/08,13/B2,BUSINESS AND MANAGEMENT
Ordinario,LIPPI Francesco,M,,13/ECON-01,ECON-01/A,SECS-P/01,13/A1,Economics and Financial Markets
Associato,LOMONACO Vincenzo,M,,01/INFO-01,INFO-01/A,INF/01,01/B1,"AI, DATA AND DECISION SCIENCES"
Ordinario,LUPO Nicola,M,,12/GIUR-05,GIUR-05/A,IUS/09,12/C1,SCIENZE POLITICHE
Ordinario,MAJOCCHI Antonio,M,,13/ECON-07,ECON-07/A,SECS-P/08,13/B2,BUSINESS AND MANAGEMENT
Ordinario,MANZOCCHI Stefano,M,,13/ECON-01,ECON-01/A,SECS-P/01,13/A1,Economics and Financial Markets
Ordinario,MARCHETTI Raffaele,M,,14/GSPS-02,GSPS-02/A,SPS/04,14/A2,SCIENZE POLITICHE
Ricercatore a t.d. - t.pieno (art. 24 c.3-a L. 240/10),MARCIANTE Manfredi,M,,12/GIUR-09,GIUR-09/A,IUS/13,12/E1,GIURISPRUDENZA
Ordinario,MARENGO Luigi,M,,13/ECON-01,ECON-01/A,SECS-P/01,13/A1,Economics and Financial Markets
Ricercatore a t.d. - t.pieno (art. 24 c.3-a L. 240/10),MARTINO Alessio,M,,01/INFO-01,INFO-01/A,INF/01,01/B1,BUSINESS AND MANAGEMENT
Ordinario,MARTUCCELLI Silvio,M,,12/GIUR-01,GIUR-01/A,IUS/01,12/A1,GIURISPRUDENZA
Ordinario,MASCIA Daniele,M,,13/ECON-08,ECON-08/A,SECS-P/10,13/B3,BUSINESS AND MANAGEMENT
Ordinario,MATTARELLA Bernardo Giorgio,M,,12/GIUR-06,GIUR-06/A,IUS/10,12/D1,GIURISPRUDENZA
Ordinario,MCCARTHY Ian Paul,M,,13/ECON-08,ECON-08/A,SECS-P/10,13/B3,BUSINESS AND MANAGEMENT
Ordinario,MELICIANI Valentina,F,,13/ECON-04,ECON-04/A,SECS-P/06,13/A4,Economics and Financial Markets
Ordinario,MELIS Giuseppe,M,,12/GIUR-08,GIUR-08/A,IUS/12,12/D2,GIURISPRUDENZA
Ricercatore a t.d. - t.pieno (art. 24 c.3-a L. 240/10),MELLUSO Nicola,M,,13/ECON-08,ECON-08/A,SECS-P/10,13/B3,BUSINESS AND MANAGEMENT
Ricercatore a t.d. - t.pieno (art. 24 c.3-a L. 240/10),MENEGAZZI Silvia,F,,14/GSPS-02,GSPS-02/A,SPS/04,14/A2,SCIENZE POLITICHE
Ordinario,MEO Giorgio,M,,12/GIUR-02,GIUR-02/A,IUS/04,12/B1,GIURISPRUDENZA
Ordinario,MURRO Pierluigi,M,,13/ECON-09,ECON-09/A,SECS-P/09,13/B4,Accounting and Corporate Finance
Ordinario,MUSAIO Alessandro,M,,13/ECON-06,ECON-06/A,SECS-P/07,13/B1,Accounting and Corporate Finance
Ordinario,NUZZO Antonio,M,,12/GIUR-02,GIUR-02/A,IUS/04,12/B1,GIURISPRUDENZA
Ordinario,OLIVIERI Gustavo,M,,12/GIUR-02,GIUR-02/A,IUS/04,12/B1,GIURISPRUDENZA
Ordinario,ORIANI Raffaele,M,,13/ECON-09,ECON-09/A,SECS-P/09,13/B4,Accounting and Corporate Finance
Ordinario,ORLANDI Mauro,M,,12/GIUR-01,GIUR-01/A,IUS/01,12/A1,GIURISPRUDENZA
Ordinario,ORSINA Giovanni,M,,11/HIST-03,HIST-03/A,M-STO/04,11/A3,SCIENZE POLITICHE
Associato,ORSINI Alessandro,M,,14/GSPS-05,GSPS-05/A,SPS/07,14/C1,SCIENZE POLITICHE
Associato confermato,PASCALI Luigi,M,,13/ECON-01,ECON-01/A,SECS-P/01,13/A1,Economics and Financial Markets
Ricercatore a t.d. - t.pieno (L. 79/2022),PATNAIK Megha,F,,13/ECON-01,ECON-01/A,SECS-P/01,13/A1,ECONOMICS AND FINANCIAL MARKETS
Ordinario,PELLEGRINI Mirella,F,,12/GIUR-03,GIUR-03/A,IUS/05,12/E3,GIURISPRUDENZA
Ordinario,PELLEGRINO Gianfranco,M,,14/GSPS-01,GSPS-01/A,SPS/01,14/A1,SCIENZE POLITICHE
Ricercatore a t.d. - t.pieno (L. 79/2022),PELUCCO Valerio,M,,13/ECON-07,ECON-07/A,SECS-P/08,13/B2,BUSINESS AND MANAGEMENT
Ordinario,PERONE PACIFICO Marco,M,,13/STAT-01,STAT-01/A,SECS-S/01,13/D1,"AI, DATA AND DECISION SCIENCES"
Ordinario,PERRI Alessandra,F,,13/ECON-07,ECON-07/A,SECS-P/08,13/B2,BUSINESS AND MANAGEMENT
Ricercatore a t.d. - t.pieno (L. 79/2022),PERSIANI Alessio,M,,12/GIUR-08,GIUR-08/A,IUS/12,12/D2,GIURISPRUDENZA
Ordinario,PERUFFO Enzo,M,,13/ECON-07,ECON-07/A,SECS-P/08,13/B2,BUSINESS AND MANAGEMENT
Ricercatore a t.d. - t.pieno (L. 79/2022),PETRONE Michele,M,,10/STAA-01,STAA-01/J,L-OR/10,10/N1,SCIENZE POLITICHE
Ordinario,PETRUCCI Alberto,M,,13/ECON-01,ECON-01/A,SECS-P/01,13/A1,Economics and Financial Markets
Ordinario,PEVERINI Paolo,M,,11/PHIL-04,PHIL-04/B,M-FIL/05,11/C4,SCIENZE POLITICHE
Associato,PEZONE Vincenzo,M,,13/ECON-09,ECON-09/A,SECS-P/09,13/B4,Accounting and Corporate Finance
Ordinario,PICCIRILLI Giovanni,M,,12/GIUR-05,GIUR-05/A,IUS/08,12/C1,GIURISPRUDENZA
Associato confermato,PINTO Eugenio,M,,13/ECON-06,ECON-06/A,SECS-P/07,13/B1,Accounting and Corporate Finance
Ordinario,PIPPIDI Tatiana Alina,F,,14/GSPS-02,GSPS-02/A,SPS/04,14/A2,SCIENZE POLITICHE
Associato,PIROLO Luca,M,,13/ECON-07,ECON-07/A,SECS-P/08,13/B2,BUSINESS AND MANAGEMENT
Ordinario,POLICE Aristide,M,,12/GIUR-06,GIUR-06/A,IUS/10,12/D1,GIURISPRUDENZA
Associato,POLO Andrea,M,,13/ECON-09,ECON-09/B,SECS-P/11,13/B4,Accounting and Corporate Finance
Associato confermato,PONTI Giovanni,M,,13/ECON-01,ECON-01/A,SECS-P/01,13/A1,Economics and Financial Markets
Associato,POZHARLIEV Rumen Ivaylov,M,,13/ECON-07,ECON-07/A,SECS-P/08,13/B2,BUSINESS AND MANAGEMENT
Ordinario,POZZI Cesare,M,,13/ECON-04,ECON-04/A,SECS-P/06,13/A4,BUSINESS AND MANAGEMENT
Ordinario,PRENCIPE Andrea,M,,13/ECON-08,ECON-08/A,SECS-P/10,13/B3,BUSINESS AND MANAGEMENT
Ordinario,PUNZI Antonio,M,,12/GIUR-17,GIUR-17/A,IUS/20,12/H3,GIURISPRUDENZA
Ordinario,PUSTORINO Pietro,M,,12/GIUR-09,GIUR-09/A,IUS/13,12/E1,GIURISPRUDENZA
Ordinario,QUAGLIARIELLO Gaetano,M,,11/HIST-03,HIST-03/A,M-STO/04,11/A3,SCIENZE POLITICHE
Ordinario,REICHLIN Pietro,M,,13/ECON-01,ECON-01/A,SECS-P/01,13/A1,Economics and Financial Markets
Ordinario,ROMANI Simona,F,,13/ECON-07,ECON-07/A,SECS-P/08,13/B2,BUSINESS AND MANAGEMENT
Associato,SABIA Rossella,F,,12/GIUR-14,GIUR-14/A,IUS/17,12/G1,GIURISPRUDENZA
Ordinario,SALVINI Livia,F,,12/GIUR-08,GIUR-08/A,IUS/12,12/D2,GIURISPRUDENZA
Ordinario,SANDULLI Aldo,M,,12/GIUR-06,GIUR-06/A,IUS/10,12/D1,GIURISPRUDENZA
Ordinario,SANTUCCI DE MAGISTRIS Paolo,M,,13/ECON-05,ECON-05/A,SECS-P/05,13/A5,Economics and Financial Markets
Ordinario,SAVONA Maria,F,,13/ECON-04,ECON-04/A,SECS-P/06,13/A4,Economics and Financial Markets
Ordinario,SCARSINI Marco,M,,01/MATH-03,MATH-03/B,MAT/06,01/A3,Economics and Financial Markets
Ordinario,SCHIVARDI Fabiano,M,,13/ECON-01,ECON-01/A,SECS-P/01,13/A1,Economics and Financial Markets
Ordinario,SCHUETZE Robert,M,,12/GIUR-11,GIUR-11/B,IUS/21,12/E2,GIURISPRUDENZA
Ricercatore a t.d. - t.pieno (L. 79/2022),SELVA Donatella,F,,14/GSPS-06,GSPS-06/A,SPS/08,14/C2,SCIENZE POLITICHE
Associato,SILLARI Giacomo,M,,11/PHIL-02,PHIL-02/A,M-FIL/02,11/C2,SCIENZE POLITICHE
Associato,SIMONCINI Marta,F,,12/GIUR-06,GIUR-06/A,IUS/10,12/D1,SCIENZE POLITICHE
Associato confermato,SINAIMERI Blerina,F,,09/IINF-05,IINF-05/A,ING-INF/05,09/H1,"AI, DATA AND DECISION SCIENCES"
Ordinario,SOZIO Mauro,M,,09/IINF-05,IINF-05/A,ING-INF/05,09/H1,"AI, DATA AND DECISION SCIENCES"
Ordinario,SPAGNOLETTI Paolo,M,,13/ECON-08,ECON-08/A,SECS-P/10,13/B3,BUSINESS AND MANAGEMENT
Associato,STILO Giovanni,M,,09/IINF-05,IINF-05/A,ING-INF/05,09/H1,IMPRESA E MANAGEMENT
Ordinario,STOECKL Kristina,F,,14/GSPS-05,GSPS-05/A,SPS/07,14/C1,SCIENZE POLITICHE
Ordinario,TARANTINO Emanuele,M,,13/ECON-01,ECON-01/A,SECS-P/01,13/A1,Economics and Financial Markets
Ordinario,TESTA Maria Rita,F,,13/STAT-03,STAT-03/A,SECS-S/04,13/D3,SCIENZE POLITICHE
Ordinario,THATCHER Mark,M,,14/GSPS-02,GSPS-02/A,SPS/04,14/A2,SCIENZE POLITICHE
Ordinario,TOMBARI Umberto,M,,12/GIUR-02,GIUR-02/A,IUS/04,12/B1,GIURISPRUDENZA
Associato,VALLANTI Giovanna,F,,13/ECON-01,ECON-01/A,SECS-P/01,13/A1,Economics and Financial Markets
Associato,VENEL Xavier Mathieu Raymond,M,,13/STAT-04,STAT-04/A,SECS-S/06,13/D4,"AI, DATA AND DECISION SCIENCES"
Ricercatore a t.d. - t.pieno (art. 24 c.3-a L. 240/10),VENTURA Livia,F,,12/GIUR-11,GIUR-11/A,IUS/02,12/E2,GIURISPRUDENZA
Ordinario,VINUALES Jorge Enrique,M,,12/GIUR-09,GIUR-09/A,IUS/13,12/E1,GIURISPRUDENZA
Ricercatore a t.d. - t.pieno (L. 79/2022),VISCONTI Francesco,M,,14/GSPS-02,GSPS-02/A,SPS/04,14/A2,SCIENZE POLITICHE
Ricercatore a t.d. - t.pieno (L. 79/2022),ZACCARIA Luana,F,,13/ECON-09,ECON-09/A,SECS-P/09,13/B4,ACCOUNTING AND CORPORATE FINANCE
Ordinario,ZATTONI Alessandro,M,,13/ECON-07,ECON-07/A,SECS-P/08,13/B2,BUSINESS AND MANAGEMENT
Ricercatore a t.d. - t.pieno (L. 79/2022),ZUMBO Antonio Dimitri,M,,12/GIUR-04,GIUR-04/A,IUS/07,12/B2,GIURISPRUDENZA
